Sample,RMSE,MAE,DELTA1
0,0.6028332710266113,0.46177321672439575,0.6079992651939392
