Sample,RMSE,MAE,DELTA1
62381,0.012214301795767293,0.002129656872013821,0.9999605417251587
55450,0.01955255736122904,0.004867200509190978,0.9998876452445984
34656,0.044233748736462394,0.01791694682222217,0.9993081092834473
17328,0.07935667592396092,0.04012431671484113,0.9974035024642944
6931,0.12563148301813182,0.07052720487524634,0.9928593039512634
3466,0.16186497559543275,0.09399057685847123,0.9877055287361145
693,0.2468195442210416,0.1503170692253576,0.9693078398704529
0,0.5918480753898621,0.4665195345878601,0.7708549499511719
