Sample,RMSE,MAE,DELTA1
0,0.4175334870815277,0.2990594804286957,0.8876996636390686
