Sample,RMSE,MAE,DELTA1
62381,0.009933383866624242,0.0017298266455860432,0.9999837279319763
55450,0.016057266017864075,0.003996476826323886,0.9999496340751648
34656,0.03734836968877801,0.015221739886565154,0.9996300935745239
17328,0.06967193378368991,0.03563015371501982,0.9982982277870178
6931,0.11530664050434332,0.06584819053073655,0.9944748878479004
3466,0.15284411322805638,0.09073618134987084,0.9895152449607849
693,0.24654719981286755,0.15501542584136807,0.9680798649787903
